﻿<?xml version="1.0"?>
<doc>
	<assembly>
		<name>
			ScndHnd
		</name>
	</assembly>
	<members>
		<member name="P:ScndHnd.My.Resources.Resources.ResourceManager">
			<summary>
				Returns the cached ResourceManager instance used by this class.
			</summary>
		</member>
		<member name="P:ScndHnd.My.Resources.Resources.Culture">
			<summary>
				Overrides the current thread's CurrentUICulture property for all
				resour	ce lookups using this strongly typed resource class.
			</summary>
		</member>
		<member name="T:ScndHnd.My.Resources.Resources">
			<summary>
				A strongly-typed resource class, for looking up localized strings, etc.
			</summary>
		</member>
	</members>
</doc>